Workbook

Sheet LÉEME
B2: PLANTILLA 09 · Plan de implementación
B3: Kit de cumplimiento del curso–taller PLD/FT · GMC360 · 360Educa 6 de octubre de 2026
B5: PARA QUÉ SIRVE
B6: Para salir de este curso–taller con una sola hoja que diga, obligación por obligación: dónde está usted hoy, qué le falta, quién lo hace y para cuándo. No es un diagnóstico más: es el documento con el que se trabaja el año que entra.
B8: CÓMO SE LLENA
B9: 1. Vaya a la hoja MI PLAN. Hay una línea por obligación, con su fundamento y la fecha en que es exigible.
B10: 2. En la columna «Dónde estoy hoy» escoja uno de los cinco resultados de la lista. Son los mismos cinco con los que el auditor va a calificar su cumplimiento en el dictamen (RCG 48). Calificarse con la escala del examen es deliberado.
B11: 3. En «¿Tengo evidencia objetiva?» conteste Sí o No. Ésta es la columna que de verdad importa: sin evidencia objetiva el techo de la calificación es «Cumple parcialmente», aunque usted sí esté cumpliendo.
B12: 4. Escriba qué le falta, quién lo hace y para cuándo. Sin nombre y sin fecha no es un plan: es una lista de buenos deseos.
B13: 5. La hoja MI BRECHA se calcula sola. Ése es su número.
B15: LA ESCALA · RCG 48
B16: Cumple — Eficacia demostrada y no se requieren mejoras.
... B25: Cotejo: Ley con última reforma DOF 16-07-2025 · Reglamento con reforma DOF 27-03-2026 · Reglas con el ACUERDO 115/2026, DOF 07-08-2026.

Sheet MI PLAN
A1: MI PLAN DE IMPLEMENTACIÓN
A2: Una línea por obligación. Las columnas en blanco son suyas. La columna «Semáforo» se calcula sola.
A3: Nombre o razón social: | E3: Fecha:
A5: # | B5: Obligación | C5: Fundamento | D5: Exigible desde | E5: Dónde estoy hoy | F5: ¿Tengo evidencia objetiva? | G5: Qué me falta | H5: Responsable | I5: Fecha objetivo | J5: Semáforo
A6: 1 | B6: Identificar y conocer de manera DIRECTA al Cliente o Usuario y verificar su identidad | C6: L 18 fr. I | D6: 30 nov 2026 | J6: =IF(E6="","",IF(OR(E6="No cumple",AND(E6<>"No aplica",F6="No")),"ROJO",IF(OR(E6="Cumple parcialmente",E6="Cumple mayoritariamente",F6="Parcial",AND(E6<>"No aplica",F6="")),"ÁMBAR","VERDE")))
A7: 2 | B7: Solicitar información sobre actividad u ocupación cuando hay Relación de negocios | C7: L 18 fr. II | D7: 30 nov 2026 | J7: =IF(E7="","",IF(OR(E7="No cumple",AND(E7<>"No aplica",F7="No")),"ROJO",IF(OR(E7="Cumple parcialmente",E7="Cumple mayoritariamente",F7="Parcial",AND(E7<>"No aplica",F7="")),"ÁMBAR","VERDE")))
A8: 3 | B8: Identificar al Beneficiario Controlador del cliente persona moral o fideicomiso; declaración en persona física | C8: L 18 fr. III | D8: 30 nov 2026 | J8: =IF(E8="","",IF(OR(E8="No cumple",AND(E8<>"No aplica",F8="No")),"ROJO",IF(OR(E8="Cumple parcialmente",E8="Cumple mayoritariamente",F8="Parcial",AND(E8<>"No aplica",F8="")),"ÁMBAR","VERDE")))
A9: 4 | B9: Determinar al Beneficiario Controlador con el orden de prelación de tres niveles | C9: RCG Cap. III Quinquies | D9: 1 mar 2027 | J9: =IF(E9="","",IF(OR(E9="No cumple",AND(E9<>"No aplica",F9="No")),"ROJO",IF(OR(E9="Cumple parcialmente",E9="Cumple mayoritariamente",F9="Parcial",AND(E9<>"No aplica",F9="")),"ÁMBAR","VERDE")))
A10: 5 | B10: Custodiar, proteger y resguardar el expediente. Conservación 10 años en el domicilio registrado | C10: L 18 fr. IV | D10: Vigente | J10: =IF(E10="","",IF(OR(E10="No cumple",AND(E10<>"No aplica",F10="No")),"ROJO",IF(OR(E10="Cumple parcialmente",E10="Cumple mayoritariamente",F10="Parcial",AND(E10<>"No aplica",F10="")),"ÁMBAR","VERDE")))
A11: 6 | B11: Verificar al menos una vez al año que los expedientes de clientes con Relación de negocios estén completos | C11: RCG 21 | D11: 30 nov 2026 | J11: =IF(E11="","",IF(OR(E11="No cumple",AND(E11<>"No aplica",F11="No")),"ROJO",IF(OR(E11="Cumple parcialmente",E11="Cumple mayoritariamente",F11="Parcial",AND(E11<>"No aplica",F11="")),"ÁMBAR","VERDE")))
A12: 7 | B12: Alta y registro en el padrón, y mantener actualizados sus datos y su domicilio | C12: L 18 fr. IV Bis · RCG 7 | D12: Vigente | J12: =IF(E12="","",IF(OR(E12="No cumple",AND(E12<>"No aplica",F12="No")),"ROJO",IF(OR(E12="Cumple parcialmente",E12="Cumple mayoritariamente",F12="Parcial",AND(E12<>"No aplica",F12="")),"ÁMBAR","VERDE")))
A13: 8 | B13: Usar el formato nuevo de alta y registro | C13: Resolución DOF 24-sep-2026 | D13: 1 feb 2027 | J13: =IF(E13="","",IF(OR(E13="No cumple",AND(E13<>"No aplica",F13="No")),"ROJO",IF(OR(E13="Cumple parcialmente",E13="Cumple mayoritariamente",F13="Parcial",AND(E13<>"No aplica",F13="")),"ÁMBAR","VERDE")))
A14: 9 | B14: Designar Representante Encargada de Cumplimiento y mantener vigente la designación | C14: L 20 | D14: Vigente | J14: =IF(E14="","",IF(OR(E14="No cumple",AND(E14<>"No aplica",F14="No")),"ROJO",IF(OR(E14="Cumple parcialmente",E14="Cumple mayoritariamente",F14="Parcial",AND(E14<>"No aplica",F14="")),"ÁMBAR","VERDE")))
A15: 10 | B15: Capacitación anual de la Representante Encargada de Cumplimiento | C15: L 20, 3er párrafo | D15: Vigente | J15: =IF(E15="","",IF(OR(E15="No cumple",AND(E15<>"No aplica",F15="No")),"ROJO",IF(OR(E15="Cumple parcialmente",E15="Cumple mayoritariamente",F15="Parcial",AND(E15<>"No aplica",F15="")),"ÁMBAR","VERDE")))
A16: 11 | B16: Brindar facilidades para las visitas de verificación | C16: L 18 fr. V | D16: Vigente | J16: =IF(E16="","",IF(OR(E16="No cumple",AND(E16<>"No aplica",F16="No")),"ROJO",IF(OR(E16="Cumple parcialmente",E16="Cumple mayoritariamente",F16="Parcial",AND(E16<>"No aplica",F16="")),"ÁMBAR","VERDE")))
A17: 12 | B17: Presentar Avisos e Informes a más tardar el día 17 del mes siguiente | C17: L 18 fr. VI · L 23 | D17: Vigente | J17: =IF(E17="","",IF(OR(E17="No cumple",AND(E17<>"No aplica",F17="No")),"ROJO",IF(OR(E17="Cumple parcialmente",E17="Cumple mayoritariamente",F17="Parcial",AND(E17<>"No aplica",F17="")),"ÁMBAR","VERDE")))
... A28: 23 | B28: Identificar la forma de pago en los instrumentos de fe pública | C28: L 33 | D28: Vigente | J28: =IF(E28="","",IF(OR(E28="No cumple",AND(E28<>"No aplica",F28="No")),"ROJO",IF(OR(E28="Cumple parcialmente",E28="Cumple mayoritariamente",F28="Parcial",AND(E28<>"No aplica",F28="")),"ÁMBAR","VERDE")))
B30: El semáforo es ROJO cuando la obligación está en «No cumple», o cuando no tiene evidencia objetiva. Sin evidencia no hay cumplimiento demostrable, y eso es exactamente lo que califica el dictamen.

Sheet MI BRECHA
A1: MI BRECHA
A2: Se calcula sola desde la hoja MI PLAN. Este es el número que se escribe en el chat.
B4: Indicador | C4: Número | D4: Qué significa
B5: Obligaciones en la hoja | C5: =COUNT('MI PLAN'!A6:A100) | D5: Total de líneas del plan.
B6: Ya calificadas | C6: =COUNTIF('MI PLAN'!E6:E100,"<>") | D6: Si este número es menor que el anterior, el plan está a medias.
B7: «Cumple» | C7: =COUNTIF('MI PLAN'!E6:E100,"Cumple") | D7: Eficacia demostrada y sin recomendaciones.
B8: «Cumple mayoritariamente» | C8: =COUNTIF('MI PLAN'!E6:E100,"Cumple mayoritariamente") | D8: Lleva al menos una recomendación de mejora.
B9: «Cumple parcialmente» | C9: =COUNTIF('MI PLAN'!E6:E100,"Cumple parcialmente") | D9: Lleva hallazgo forzoso. Casi siempre es falta de evidencia.
B10: «No cumple» | C10: =COUNTIF('MI PLAN'!E6:E100,"No cumple") | D10: Puede actualizar una sanción.
B11: «No aplica» | C11: =COUNTIF('MI PLAN'!E6:E100,"No aplica") | D11: El auditor debe verificarlo. No es salida fácil.
B12: SIN EVIDENCIA OBJETIVA | C12: =COUNTIF('MI PLAN'!F6:F100,"No") | D12: El número que más importa: su techo de calificación.
B13: Semáforos en ROJO | C13: =COUNTIF('MI PLAN'!J6:J100,"ROJO") | D13: Lo que hay que atender primero.
B14: Semáforos en ÁMBAR | C14: =COUNTIF('MI PLAN'!J6:J100,"ÁMBAR") | D14: Lo que se arregla con evidencia, no con más trabajo.
B15: Líneas sin responsable | C15: =SUMPRODUCT(('MI PLAN'!A6:A100<>"")*('MI PLAN'!H6:H100="")) | D15: Sin nombre no es un plan.
B16: Líneas sin fecha objetivo | C16: =SUMPRODUCT(('MI PLAN'!A6:A100<>"")*('MI PLAN'!I6:I100="")) | D16: Sin fecha tampoco.
B18: MI NÚMERO DE BRECHA | C18: =C13+C14 | D18: Obligaciones cuyo semáforo no está en verde: rojas más ámbar. Es lo que hoy no podría demostrarle a un auditor.

Sheet CALENDARIO
A1: CALENDARIO DE EXIGIBILIDAD
A2: Las columnas de su plan. Ninguna de estas fechas se cumple el mes anterior.
A4: Fecha | B4: Qué se vuelve exigible | C4: Fundamento | D4: Nota
A5: 30 nov 2026 | B5: Entra en vigor el ACUERDO 115/2026. Expediente e identificación bajo el texto nuevo | C5: RCG Trans. Primero
A6: 1 feb 2027 | B6: Formato nuevo de alta y registro. Baja y nueva alta para los supuestos del Transitorio Tercero | C6: Resolución DOF 24-sep-2026 | D6: Las personas facilitadoras, hasta el 1 de junio de 2027
A7: 1 mar 2027 | B7: Manual con la metodología · grado de riesgo y perfil transaccional · prelación del Beneficiario Controlador · evaluación con enfoque basado en Riesgo a disposición de la autoridad · selección de personal | C7: RCG Trans. Segundo a Sexto
A8: 1 ene a 31 dic 2027 | B8: Primer periodo anual de capacitación | C8: RCG Trans. Séptimo | D8: El Trans. Segundo del Decreto de 2025 diría 2026. Se aplica la Regla
A9: 1 jun 2027 | B9: Mecanismos automatizados de monitoreo, con la información de los actos realizados a partir de esa fecha | C9: RCG Trans. Noveno
A10: 1 jun 2027 | B10: Todos los Avisos con los formatos nuevos — y aplica hacia atrás | C10: Resolución DOF 24-sep-2026 | D10: El Aviso de mayo, que se presenta el 17 de junio, ya va así
A11: 30 jun 2027 | B11: Último modificatorio que se puede presentar con el formato anterior | C11: Resolución DOF 24-sep-2026
A12: 1 jul 2027 | B12: Se retiran los formatos anteriores | C12: Resolución DOF 24-sep-2026
A13: 1 ene a 31 dic 2028 | B13: Primer periodo de revisión de auditoría | C13: RCG Trans. Octavo | D13: Literal en el texto
A14: Último día hábil de marzo de 2029 | B14: Entrega del primer dictamen, del auditor al auditado | C14: RCG 50 | D14: FECHA DERIVADA: el RCG 50 no menciona ningún año
A16: LA TENSIÓN QUE HAY QUE CONOCER
A17: El Transitorio Segundo del Decreto DOF 16-07-2025 haría que el primer periodo de capacitación y de auditoría fuera 2026. Las Reglas dicen 2027 y 2028. El Transitorio Tercero del mismo Decreto es el puente: las obligaciones de las fracciones VII a XI del artículo 18 entran en vigor «en los plazos que para tal efecto establezcan las reglas de carácter general». Se aplica la Regla.

Sheet FUNDAMENTOS
A1: FUNDAMENTOS Y COTEJO
A2: Todo lo que afirma esta plantilla, con su artículo.
A4: Tema | B4: Fundamento | C4: Qué dice
A5: Las once obligaciones de quien realiza Actividades Vulnerables | B5: L 18 | C5: Fracciones I a XI, más la IV Bis adicionada en 2025
A6: Auditoría de efectividad: quién la hace | B6: L 18 fr. XI | C6: Interna o externa independiente si el riesgo es bajo o medio; sólo externa independiente si es alto
A7: «En un año calendario» | B7: L 18 fr. XI + Trans. Segundo del Decreto DOF 16-07-2025 | C7: La Ley no dice «anual»: el carácter anual viene del transitorio
A8: Estructura obligatoria del dictamen | B8: RCG 47 | C8: Siete secciones. La VI exige evaluación individualizada por obligación, con eficacia demostrable
A9: Las cinco calificaciones | B9: RCG 48 | C9: Cumple · Cumple mayoritariamente · Cumple parcialmente · No cumple · No aplica
A10: La frontera entre «mayoritariamente» y «parcialmente» | B10: RCG 48 fr. II y III | C10: La evidencia objetiva. Sin ella el techo es «parcialmente», con hallazgo forzoso
A11: Hallazgos con responsable, plazo y proyección de multas | B11: RCG 49 | C11: Y el dictamen arrastra el seguimiento del año inmediato anterior
A12: Conservación del dictamen y su soporte | B12: RCG 51 | C12: No menor a cinco años, en poder del auditado, a disposición del SAT
A13: El dictamen no se presenta al SAT | B13: RCG 50 · RCG 51 · R 12 Bis | C13: El auditor lo entrega al auditado; el auditado lo conserva y lo exhibe a requerimiento
A14: Subsanación espontánea de lo detectado en el dictamen | B14: RCG 50, 3er párrafo | C14: Previo al inicio de la revisión del periodo siguiente
A15: Verificación anual de expedientes | B15: RCG 21 | C15: Al menos una vez al año, para clientes con Relación de negocios
... A21: Medios de defensa | B21: L 61 | C21: Recurso de revisión ante la Secretaría o directamente ante el TFJA. Sin prelación
A23: Cotejo: Ley con última reforma DOF 16-07-2025 · Reglamento con reforma DOF 27-03-2026 · Reglas con el ACUERDO 115/2026, DOF 07-08-2026. La Ley Federal de Procedimiento Administrativo y el Código Penal Federal NO forman parte de las fuentes cotejadas de este curso–taller.
